[{"model": "ScenarioCreator.unit", "fields": {"_cum_vaccinated": null, "days_in_initial_state": null, "days_left_in_initial_state": null, "user_defined_1": "", "latitude": 23.1, "_cum_infected": null, "_final_control_state_code": "", "production_type": 1, "initial_size": 5000, "_cum_destroyed": null, "initial_state": "L", "user_defined_3": "", "user_defined_2": "", "_final_state_code": "", "_cum_detected": null, "longitude": 42.0, "user_defined_4": "", "_final_detection_state_code": ""}, "pk": 1},
{"model": "ScenarioCreator.unit", "fields": {"_cum_vaccinated": null, "days_in_initial_state": null, "days_left_in_initial_state": null, "user_defined_1": "", "latitude": 23.15, "_cum_infected": null, "_final_control_state_code": "", "production_type": 1, "initial_size": 5000, "_cum_destroyed": null, "initial_state": "S", "user_defined_3": "", "user_defined_2": "", "_final_state_code": "", "_cum_detected": null, "longitude": 42.0, "user_defined_4": "", "_final_detection_state_code": ""}, "pk": 2}, 
{"model": "ScenarioCreator.unit", "fields": {"_cum_vaccinated": null, "days_in_initial_state": null, "days_left_in_initial_state": null, "user_defined_1": "", "latitude": 23.15, "_cum_infected": null, "_final_control_state_code": "", "production_type": 2, "initial_size": 1000, "_cum_destroyed": null, "initial_state": "S", "user_defined_3": "", "user_defined_2": "", "_final_state_code": "", "_cum_detected": null, "longitude": 42.01, "user_defined_4": "", "_final_detection_state_code": ""}, "pk": 3}, 
{"model": "ScenarioCreator.probabilityfunction", "fields": {"min": 0.0, "shape": null, "mode": 3.0, "notes": "", "theta": null, "equation_type": "Triangular", "alpha2": null, "location": null, "beta": null, "scale": null, "std_dev": null, "s": null, "p": null, "name": "Latent period - cattle", "mean": null, "alpha": null, "n": null, "max": 9.0, "m": null, "a": null, "d": null, "x_axis_units": "Days"}, "pk": 1}, 
{"model": "ScenarioCreator.probabilityfunction", "fields": {"min": 1.0, "shape": null, "mode": 3.0, "notes": "", "theta": null, "equation_type": "Triangular", "alpha2": null, "location": null, "beta": null, "scale": null, "std_dev": null, "s": null, "p": null, "name": "Subclinical period - Cattle", "mean": null, "alpha": null, "n": null, "max": 5.0, "m": null, "a": null, "d": null, "x_axis_units": "Days"}, "pk": 2}, 
{"model": "ScenarioCreator.probabilityfunction", "fields": {"min": 0.0, "shape": null, "mode": 21.0, "notes": "", "theta": null, "equation_type": "Triangular", "alpha2": null, "location": null, "beta": null, "scale": null, "std_dev": null, "s": null, "p": null, "name": "Clinical period - cattle", "mean": null, "alpha": null, "n": null, "max": 80.0, "m": null, "a": null, "d": null, "x_axis_units": "Days"}, "pk": 3}, 
{"model": "ScenarioCreator.probabilityfunction", "fields": {"min": 180.0, "shape": null, "mode": 270.0, "notes": "", "theta": null, "equation_type": "Triangular", "alpha2": null, "location": null, "beta": null, "scale": null, "std_dev": null, "s": null, "p": null, "name": "Immune Period", "mean": null, "alpha": null, "n": null, "max": 360.0, "m": null, "a": null, "d": null, "x_axis_units": "Days"}, "pk": 4}, 
{"model": "ScenarioCreator.probabilityfunction", "fields": {"min": 1.0, "shape": null, "mode": 1.5, "notes": "", "theta": null, "equation_type": "Triangular", "alpha2": null, "location": null, "beta": null, "scale": null, "std_dev": null, "s": null, "p": null, "name": "Latent period - swine", "mean": null, "alpha": null, "n": null, "max": 3.0, "m": null, "a": null, "d": null, "x_axis_units": "Days"}, "pk": 5}, 
{"model": "ScenarioCreator.probabilityfunction", "fields": {"min": 0.0, "shape": null, "mode": 1.0, "notes": "", "theta": null, "equation_type": "Triangular", "alpha2": null, "location": null, "beta": null, "scale": null, "std_dev": null, "s": null, "p": null, "name": "Subclinical period - swine", "mean": null, "alpha": null, "n": null, "max": 2.0, "m": null, "a": null, "d": null, "x_axis_units": "Days"}, "pk": 6}, 
{"model": "ScenarioCreator.probabilityfunction", "fields": {"min": 0.0, "shape": null, "mode": 20.0, "notes": "", "theta": null, "equation_type": "Triangular", "alpha2": null, "location": null, "beta": null, "scale": null, "std_dev": null, "s": null, "p": null, "name": "Infectious period - swine", "mean": null, "alpha": null, "n": null, "max": 81.0, "m": null, "a": null, "d": null, "x_axis_units": "Days"}, "pk": 7}, 
{"model": "ScenarioCreator.probabilityfunction", "fields": {"min": null, "shape": null, "mode": null, "notes": "", "theta": null, "equation_type": "Point", "alpha2": null, "location": null, "beta": null, "scale": null, "std_dev": null, "s": null, "p": null, "name": "0 day delay", "mean": 0.0, "alpha": null, "n": null, "max": null, "m": null, "a": null, "d": null, "x_axis_units": "Days"}, "pk": 8}, 
{"model": "ScenarioCreator.probabilityfunction", "fields": {"min": 10.0, "shape": null, "mode": 20.0, "notes": "", "theta": null, "equation_type": "Triangular", "alpha2": null, "location": null, "beta": null, "scale": null, "std_dev": null, "s": null, "p": null, "name": "Direct contact distance", "mean": null, "alpha": null, "n": null, "max": 30.0, "m": null, "a": null, "d": null, "x_axis_units": "Days"}, "pk": 9}, 
{"model": "ScenarioCreator.probabilityfunction", "fields": {"min": 10.0, "shape": null, "mode": 11.0, "notes": "", "theta": null, "equation_type": "Triangular", "alpha2": null, "location": null, "beta": null, "scale": null, "std_dev": null, "s": null, "p": null, "name": "Indirect contact distance", "mean": null, "alpha": null, "n": null, "max": 20.0, "m": null, "a": null, "d": null, "x_axis_units": "Days"}, "pk": 10}, 
{"model": "ScenarioCreator.probabilityfunction", "fields": {"min": null, "shape": null, "mode": 0.0, "notes": "", "theta": null, "equation_type": "Point", "alpha2": null, "location": null, "beta": null, "scale": null, "std_dev": null, "s": null, "p": null, "name": "No tracing delay [NAADSM update default]", "mean": null, "alpha": null, "n": null, "max": null, "m": null, "a": null, "d": null, "x_axis_units": "Days"}, "pk": 11}, 
{"model": "ScenarioCreator.probabilityfunction", "fields": {"min": 1.0, "shape": null, "mode": 3.0, "notes": "", "theta": null, "equation_type": "Triangular", "alpha2": null, "location": null, "beta": null, "scale": null, "std_dev": null, "s": null, "p": null, "name": "Tracing delay", "mean": null, "alpha": null, "n": null, "max": 7.0, "m": null, "a": null, "d": null, "x_axis_units": "Days"}, "pk": 12}, 
{"model": "ScenarioCreator.probabilityfunction", "fields": {"min": 45.0, "shape": null, "mode": 180.0, "notes": "", "theta": null, "equation_type": "Triangular", "alpha2": null, "location": null, "beta": null, "scale": null, "std_dev": null, "s": null, "p": null, "name": "Immune period vaccination", "mean": null, "alpha": null, "n": null, "max": 360.0, "m": null, "a": null, "d": null, "x_axis_units": "Days"}, "pk": 13}, 
{"model": "ScenarioCreator.relationalfunction", "fields": {"y_axis_units": "Percent", "notes": "", "name": "Prevalence", "x_axis_units": "Days"}, "pk": 1}, 
{"model": "ScenarioCreator.relationalfunction", "fields": {"y_axis_units": "", "notes": "", "name": "Unrestricted movement", "x_axis_units": "Days"}, "pk": 2}, 
{"model": "ScenarioCreator.relationalfunction", "fields": {"y_axis_units": "Units per day", "notes": "", "name": "Virtually unlimited capacity", "x_axis_units": "Days"}, "pk": 3}, 
{"model": "ScenarioCreator.relationalfunction", "fields": {"y_axis_units": "Units per day", "notes": "", "name": "High vaccination capacity", "x_axis_units": "Days"}, "pk": 4}, 
{"model": "ScenarioCreator.relationalfunction", "fields": {"y_axis_units": "Percent probability", "notes": "", "name": "Probability of observing clinical signs", "x_axis_units": "Days"}, "pk": 5}, 
{"model": "ScenarioCreator.relationalfunction", "fields": {"y_axis_units": "Percent probability", "notes": "", "name": "Probability of reporting", "x_axis_units": "Days"}, "pk": 6}, 
{"model": "ScenarioCreator.relationalfunction", "fields": {"y_axis_units": "Percent", "notes": "", "name": "High risk movement", "x_axis_units": "Days"}, "pk": 7}, 
{"model": "ScenarioCreator.relationalfunction", "fields": {"y_axis_units": "Percent", "notes": "", "name": "Moderate risk movement", "x_axis_units": "Days"}, "pk": 8}, 
{"model": "ScenarioCreator.relationalpoint", "fields": {"relational_function": 3, "y": 40000.0, "_point_order": 0, "x": 0.0}, "pk": 1}, 
{"model": "ScenarioCreator.relationalpoint", "fields": {"relational_function": 3, "y": 40000.0, "_point_order": 1, "x": 7.0}, "pk": 2}, 
{"model": "ScenarioCreator.relationalpoint", "fields": {"relational_function": 4, "y": 0.0, "_point_order": 0, "x": 0.0}, "pk": 3}, 
{"model": "ScenarioCreator.relationalpoint", "fields": {"relational_function": 4, "y": 70.0, "_point_order": 1, "x": 14.0}, "pk": 4}, 
{"model": "ScenarioCreator.relationalpoint", "fields": {"relational_function": 4, "y": 100.0, "_point_order": 2, "x": 28.0}, "pk": 5}, 
{"model": "ScenarioCreator.relationalpoint", "fields": {"relational_function": 5, "y": 10.0, "_point_order": 0, "x": 0.0}, "pk": 6}, 
{"model": "ScenarioCreator.relationalpoint", "fields": {"relational_function": 5, "y": 100.0, "_point_order": 1, "x": 10.0}, "pk": 7}, 
{"model": "ScenarioCreator.relationalpoint", "fields": {"relational_function": 6, "y": 10.0, "_point_order": 0, "x": 0.0}, "pk": 8}, 
{"model": "ScenarioCreator.relationalpoint", "fields": {"relational_function": 6, "y": 85.0, "_point_order": 1, "x": 7.0}, "pk": 9}, 
{"model": "ScenarioCreator.relationalpoint", "fields": {"relational_function": 6, "y": 100.0, "_point_order": 2, "x": 10.0}, "pk": 10}, 
{"model": "ScenarioCreator.relationalpoint", "fields": {"relational_function": 7, "y": 100.0, "_point_order": 0, "x": 0.0}, "pk": 11}, 
{"model": "ScenarioCreator.relationalpoint", "fields": {"relational_function": 7, "y": 46.491713, "_point_order": 1, "x": 2.758542}, "pk": 12}, 
{"model": "ScenarioCreator.relationalpoint", "fields": {"relational_function": 7, "y": 25.0, "_point_order": 2, "x": 7.0}, "pk": 13}, 
{"model": "ScenarioCreator.relationalpoint", "fields": {"relational_function": 8, "y": 100.0, "_point_order": 0, "x": 0.0}, "pk": 14}, 
{"model": "ScenarioCreator.relationalpoint", "fields": {"relational_function": 8, "y": 80.524862, "_point_order": 1, "x": 6.821054}, "pk": 15}, 
{"model": "ScenarioCreator.controlmasterplan", "fields": {"destruction_program_delay": 5, "_include_zones": false, "_include_tracing": false, "vaccination_priority_order": "reason, production type, time waiting", "destruction_priority_order": "reason, production type, time waiting", "_include_detection": false, "vaccination_capacity_relid": 4, "units_detected_before_triggering_vaccincation": 5, "_include_tracing_testing": false, "name": "High vaccination capacity", "_include_tracing_unit_exam": false, "destrucion_reason_order": "Basic, Trace fwd direct, Ring", "_include_destruction": false, "_include_vaccination": false, "destruction_capacity_relid": 3}, "pk": 1}, 
{"model": "ScenarioCreator.controlprotocol", "fields": {"exam_direct_forward_success_multiplier": 1.5, "trace_result_delay_pdf": 11, "trace_indirect_back": true, "cost_of_vaccination_setup_per_unit": "0", "test_indirect_back_traces": true, "minimum_time_between_vaccinations": 90, "cost_of_euthanasia_per_animal": "0", "cost_of_carcass_disposal_per_animal": "0", "detection_probability_for_observed_time_in_clinical_relid": 5, "destroy_indirect_forward_traces": false, "vaccinate_retrospective_days": 0, "name": "Cattle Control", "use_vaccination": true, "examine_direct_forward_traces": true, "trace_direct_back": true, "detection_probability_report_vs_first_detection_relid": 6, "trace_indirect_forward": true, "test_direct_back_traces": true, "vaccination_ring_radius": 3.0, "destroy_indirect_back_traces": false, "trigger_vaccination_ring": true, "destruction_is_a_ring_target": true, "destroy_direct_back_traces": false, "examine_indirect_back_traces": true, "exam_indirect_forward_success_multiplier": 1.5, "trace_direct_forward": true, "destruction_ring_radius": 0.5, "use_detection": true, "destruction_is_a_ring_trigger": true, "use_testing": true, "vaccination_priority": 5, "test_sensitivity": 0.96, "direct_trace_success_rate": 0.9, "cost_of_vaccination_additional_per_animal": "0", "test_delay_pdf": 12, "examine_direct_back_traces": true, "cost_of_vaccination_baseline_per_animal": "0", "cost_of_indemnification_per_animal": "0", "destruction_priority": null, "vaccinate_detected_units": false, "vaccination_demand_threshold": null, "indirect_trace_success": 0.1, "test_indirect_forward_traces": true, "direct_trace_period": 14, "vaccine_immune_period_pdf": 13, "examine_indirect_forward_traces": true, "use_tracing": true, "exam_direct_back_success_multiplier": 1.5, "cost_of_destruction_cleaning_per_unit": "0", "use_destruction": true, "test_specificity": 0.9, "days_to_immunity": 5, "examine_indirect_back_success_multiplier": 1.5, "use_cost_accounting": false, "destroy_direct_forward_traces": true, "cost_of_destruction_appraisal_per_unit": "0", "indirect_trace_period": 14, "test_direct_forward_traces": true}, "pk": 1}, 
{"model": "ScenarioCreator.disease", "fields": {"disease_description": "Foot and Mouth Disease", "name": "FMD"}, "pk": 1}, 
{"model": "ScenarioCreator.diseasereaction", "fields": {"_disease": 1, "disease_latent_period_pdf": 1, "disease_immune_period_pdf": 4, "disease_prevalence_relid": 1, "disease_subclinical_period_pdf": 2, "disease_clinical_period_pdf": 3, "name": "Cattle Reaction"}, "pk": 1}, 
{"model": "ScenarioCreator.diseasereaction", "fields": {"_disease": 1, "disease_latent_period_pdf": 5, "disease_immune_period_pdf": 4, "disease_prevalence_relid": null, "disease_subclinical_period_pdf": 6, "disease_clinical_period_pdf": 7, "name": "Swine Reaction"}, "pk": 2}, 
{"model": "ScenarioCreator.indirectspreadmodel", "fields": {"_disease": 1, "subclinical_animals_can_infect_others": true, "contact_rate": 0.3, "name": "Cattle > Cattle", "infection_probability": 0.1, "transport_delay_pdf": 8, "movement_control_relid": 2, "use_fixed_contact_rate": false, "_spread_method_code": "indirect", "distance_pdf": 10}, "pk": 1}, 
{"model": "ScenarioCreator.indirectspreadmodel", "fields": {"_disease": 1, "subclinical_animals_can_infect_others": true, "contact_rate": 0.5, "name": "Cattle > Swine", "infection_probability": 0.1, "transport_delay_pdf": 8, "movement_control_relid": 2, "use_fixed_contact_rate": false, "_spread_method_code": "indirect", "distance_pdf": 10}, "pk": 2}, 
{"model": "ScenarioCreator.indirectspreadmodel", "fields": {"_disease": 1, "subclinical_animals_can_infect_others": true, "contact_rate": 0.5, "name": "Swine > Cattle", "infection_probability": 0.1, "transport_delay_pdf": 8, "movement_control_relid": 2, "use_fixed_contact_rate": false, "_spread_method_code": "indirect", "distance_pdf": 10}, "pk": 3}, 
{"model": "ScenarioCreator.indirectspreadmodel", "fields": {"_disease": 1, "subclinical_animals_can_infect_others": true, "contact_rate": 0.7, "name": "Swine > Swine", "infection_probability": 0.1, "transport_delay_pdf": 8, "movement_control_relid": 2, "use_fixed_contact_rate": false, "_spread_method_code": "indirect", "distance_pdf": 10}, "pk": 4}, 
{"model": "ScenarioCreator.directspreadmodel", "fields": {"_disease": 1, "subclinical_animals_can_infect_others": true, "contact_rate": 0.1, "name": "Cattle > Cattle", "latent_animals_can_infect_others": true, "infection_probability": 1.0, "transport_delay_pdf": 8, "movement_control_relid": 2, "use_fixed_contact_rate": false, "_spread_method_code": "direct", "distance_pdf": 9}, "pk": 1}, 
{"model": "ScenarioCreator.directspreadmodel", "fields": {"_disease": 1, "subclinical_animals_can_infect_others": true, "contact_rate": 0.5, "name": "Swine > Swine", "latent_animals_can_infect_others": true, "infection_probability": 1.0, "transport_delay_pdf": 8, "movement_control_relid": 2, "use_fixed_contact_rate": false, "_spread_method_code": "direct", "distance_pdf": 9}, "pk": 2}, 
{"model": "ScenarioCreator.airbornespreadmodel", "fields": {"_disease": 1, "spread_1km_probability": 0.01, "wind_direction_start": 0, "name": "Cattle source", "wind_direction_end": 360, "transport_delay_pdf": 8, "_spread_method_code": "other", "max_distance": 3.0}, "pk": 1}, 
{"model": "ScenarioCreator.airbornespreadmodel", "fields": {"_disease": 1, "spread_1km_probability": 0.03, "wind_direction_start": 0, "name": "Swine source", "wind_direction_end": 360, "transport_delay_pdf": 8, "_spread_method_code": "other", "max_distance": 3.0}, "pk": 2}, 
{"model": "ScenarioCreator.scenario", "fields": {"language": "en", "use_fixed_random_seed": true, "include_contact_spread": true, "use_within_unit_prevalence": false, "random_seed": 12345, "cost_track_vaccination": true, "include_airborne_spread": true, "use_airborne_exponential_decay": false, "cost_track_destruction": true, "description": "Sample", "cost_track_zone_surveillance": true}, "pk": 1}, 
{"model": "ScenarioCreator.outputsettings", "fields": {"iterations": 5, "daily_states_filename": "daily_states.csv", "save_all_daily_outputs": true, "early_stop_criteria": "", "save_daily_exposures": false, "map_directory": "", "save_iteration_outputs_for_units": false, "write_map_output": false, "maximum_iterations_for_daily_output": 3, "days": 40, "save_daily_events": false}, "pk": 1}, 
{"model": "ScenarioCreator.productiontype", "fields": {"description": "", "name": "Cattle"}, "pk": 1}, 
{"model": "ScenarioCreator.productiontype", "fields": {"description": "", "name": "Swine"}, "pk": 2}, 
{"model": "ScenarioCreator.productiontypepairtransmission", "fields": {"destination_production_type": 1, "direct_contact_spread_model": 1, "source_production_type": 1, "airborne_contact_spread_model": 1, "indirect_contact_spread_model": 1}, "pk": 1}, 
{"model": "ScenarioCreator.productiontypepairtransmission", "fields": {"destination_production_type": 2, "direct_contact_spread_model": null, "source_production_type": 1, "airborne_contact_spread_model": 1, "indirect_contact_spread_model": 2}, "pk": 2}, 
{"model": "ScenarioCreator.productiontypepairtransmission", "fields": {"destination_production_type": 1, "direct_contact_spread_model": null, "source_production_type": 2, "airborne_contact_spread_model": 2, "indirect_contact_spread_model": 3}, "pk": 3}, 
{"model": "ScenarioCreator.productiontypepairtransmission", "fields": {"destination_production_type": 2, "direct_contact_spread_model": 2, "source_production_type": 2, "airborne_contact_spread_model": 2, "indirect_contact_spread_model": 4}, "pk": 4}, 
{"model": "ScenarioCreator.zone", "fields": {"zone_description": "High risk", "zone_radius": 3.0}, "pk": 1}, 
{"model": "ScenarioCreator.zone", "fields": {"zone_description": "Medium risk", "zone_radius": 5.0}, "pk": 2}
]