[{"fields": 
{"days_in_initial_state": null, "_final_detection_state_code": "", "_cum_detected": null, "user_defined_2": "", "_cum_infected": null, "_cum_destroyed": null, "_final_state_code": "", "initial_size": 5000, "initial_state": "L", "days_left_in_initial_state": null, "user_defined_3": "", "longitude": 42.0, "user_defined_1": "", "_cum_vaccinated": null, "production_type": 1, "_final_control_state_code": "", "user_defined_4": "", "latitude": 23.1}, "model": "ScenarioCreator.unit", "pk": 1}, {"fields": 
{"days_in_initial_state": null, "_final_detection_state_code": "", "_cum_detected": null, "user_defined_2": "", "_cum_infected": null, "_cum_destroyed": null, "_final_state_code": "", "initial_size": 5000, "initial_state": "S", "days_left_in_initial_state": null, "user_defined_3": "", "longitude": 42.0, "user_defined_1": "", "_cum_vaccinated": null, "production_type": 1, "_final_control_state_code": "", "user_defined_4": "", "latitude": 23.15}, "model": "ScenarioCreator.unit", "pk": 2}, {"fields": 
{"days_in_initial_state": null, "_final_detection_state_code": "", "_cum_detected": null, "user_defined_2": "", "_cum_infected": null, "_cum_destroyed": null, "_final_state_code": "", "initial_size": 1000, "initial_state": "S", "days_left_in_initial_state": null, "user_defined_3": "", "longitude": 42.01, "user_defined_1": "", "_cum_vaccinated": null, "production_type": 2, "_final_control_state_code": "", "user_defined_4": "", "latitude": 23.15}, "model": "ScenarioCreator.unit", "pk": 3}, {"fields": 
{"mean": null, "min": 0.0, "mode": 3.0, "theta": null, "s": null, "equation_type": "Triangular", "p": null, "alpha2": null, "shape": null, "scale": null, "name": "Latent period - cattle", "x_axis_units": "Days", "beta": null, "max": 9.0, "n": null, "location": null, "m": null, "alpha": null, "d": null, "std_dev": null, "notes": "", "a": null}, "model": "ScenarioCreator.probabilityfunction", "pk": 1}, {"fields": 
{"mean": null, "min": 1.0, "mode": 3.0, "theta": null, "s": null, "equation_type": "Triangular", "p": null, "alpha2": null, "shape": null, "scale": null, "name": "Subclinical period - Cattle", "x_axis_units": "Days", "beta": null, "max": 5.0, "n": null, "location": null, "m": null, "alpha": null, "d": null, "std_dev": null, "notes": "", "a": null}, "model": "ScenarioCreator.probabilityfunction", "pk": 2}, {"fields": 
{"mean": null, "min": 0.0, "mode": 21.0, "theta": null, "s": null, "equation_type": "Triangular", "p": null, "alpha2": null, "shape": null, "scale": null, "name": "Clinical period - cattle", "x_axis_units": "Days", "beta": null, "max": 80.0, "n": null, "location": null, "m": null, "alpha": null, "d": null, "std_dev": null, "notes": "", "a": null}, "model": "ScenarioCreator.probabilityfunction", "pk": 3}, {"fields": 
{"mean": null, "min": 180.0, "mode": 270.0, "theta": null, "s": null, "equation_type": "Triangular", "p": null, "alpha2": null, "shape": null, "scale": null, "name": "Immune Period", "x_axis_units": "Days", "beta": null, "max": 360.0, "n": null, "location": null, "m": null, "alpha": null, "d": null, "std_dev": null, "notes": "", "a": null}, "model": "ScenarioCreator.probabilityfunction", "pk": 4}, {"fields": 
{"mean": null, "min": 1.0, "mode": 1.5, "theta": null, "s": null, "equation_type": "Triangular", "p": null, "alpha2": null, "shape": null, "scale": null, "name": "Latent period - swine", "x_axis_units": "Days", "beta": null, "max": 3.0, "n": null, "location": null, "m": null, "alpha": null, "d": null, "std_dev": null, "notes": "", "a": null}, "model": "ScenarioCreator.probabilityfunction", "pk": 5}, {"fields": 
{"mean": null, "min": 0.0, "mode": 1.0, "theta": null, "s": null, "equation_type": "Triangular", "p": null, "alpha2": null, "shape": null, "scale": null, "name": "Subclinical period - swine", "x_axis_units": "Days", "beta": null, "max": 2.0, "n": null, "location": null, "m": null, "alpha": null, "d": null, "std_dev": null, "notes": "", "a": null}, "model": "ScenarioCreator.probabilityfunction", "pk": 6}, {"fields": 
{"mean": null, "min": 0.0, "mode": 20.0, "theta": null, "s": null, "equation_type": "Triangular", "p": null, "alpha2": null, "shape": null, "scale": null, "name": "Infectious period - swine", "x_axis_units": "Days", "beta": null, "max": 81.0, "n": null, "location": null, "m": null, "alpha": null, "d": null, "std_dev": null, "notes": "", "a": null}, "model": "ScenarioCreator.probabilityfunction", "pk": 7}, {"fields": 
{"mean": 0.0, "min": null, "mode": null, "theta": null, "s": null, "equation_type": "Point", "p": null, "alpha2": null, "shape": null, "scale": null, "name": "0 day delay", "x_axis_units": "Days", "beta": null, "max": null, "n": null, "location": null, "m": null, "alpha": null, "d": null, "std_dev": null, "notes": "", "a": null}, "model": "ScenarioCreator.probabilityfunction", "pk": 8}, {"fields": 
{"mean": null, "min": 10.0, "mode": 20.0, "theta": null, "s": null, "equation_type": "Triangular", "p": null, "alpha2": null, "shape": null, "scale": null, "name": "Direct contact distance", "x_axis_units": "Days", "beta": null, "max": 30.0, "n": null, "location": null, "m": null, "alpha": null, "d": null, "std_dev": null, "notes": "", "a": null}, "model": "ScenarioCreator.probabilityfunction", "pk": 9}, {"fields": 
{"mean": null, "min": 10.0, "mode": 11.0, "theta": null, "s": null, "equation_type": "Triangular", "p": null, "alpha2": null, "shape": null, "scale": null, "name": "Indirect contact distance", "x_axis_units": "Days", "beta": null, "max": 20.0, "n": null, "location": null, "m": null, "alpha": null, "d": null, "std_dev": null, "notes": "", "a": null}, "model": "ScenarioCreator.probabilityfunction", "pk": 10}, {"fields": 
{"mean": null, "min": null, "mode": 0.0, "theta": null, "s": null, "equation_type": "Point", "p": null, "alpha2": null, "shape": null, "scale": null, "name": "No tracing delay [NAADSM update default]", "x_axis_units": "Days", "beta": null, "max": null, "n": null, "location": null, "m": null, "alpha": null, "d": null, "std_dev": null, "notes": "", "a": null}, "model": "ScenarioCreator.probabilityfunction", "pk": 11}, {"fields": 
{"mean": null, "min": 1.0, "mode": 3.0, "theta": null, "s": null, "equation_type": "Triangular", "p": null, "alpha2": null, "shape": null, "scale": null, "name": "Tracing delay", "x_axis_units": "Days", "beta": null, "max": 7.0, "n": null, "location": null, "m": null, "alpha": null, "d": null, "std_dev": null, "notes": "", "a": null}, "model": "ScenarioCreator.probabilityfunction", "pk": 12}, {"fields": 
{"mean": null, "min": 45.0, "mode": 180.0, "theta": null, "s": null, "equation_type": "Triangular", "p": null, "alpha2": null, "shape": null, "scale": null, "name": "Immune period vaccination", "x_axis_units": "Days", "beta": null, "max": 360.0, "n": null, "location": null, "m": null, "alpha": null, "d": null, "std_dev": null, "notes": "", "a": null}, "model": "ScenarioCreator.probabilityfunction", "pk": 13}, {"fields": 
{"y_axis_units": "Percent", "name": "Prevalence", "x_axis_units": "Days", "notes": ""}, "model": "ScenarioCreator.relationalfunction", "pk": 1}, {"fields": 
{"y_axis_units": "", "name": "Unrestricted movement", "x_axis_units": "Days", "notes": ""}, "model": "ScenarioCreator.relationalfunction", "pk": 2}, {"fields": 
{"y_axis_units": "Units per day", "name": "Virtually unlimited capacity", "x_axis_units": "Days", "notes": ""}, "model": "ScenarioCreator.relationalfunction", "pk": 3}, {"fields": 
{"y_axis_units": "Units per day", "name": "High vaccination capacity", "x_axis_units": "Days", "notes": ""}, "model": "ScenarioCreator.relationalfunction", "pk": 4}, {"fields": 
{"y_axis_units": "Percent probability", "name": "Probability of observing clinical signs", "x_axis_units": "Days", "notes": ""}, "model": "ScenarioCreator.relationalfunction", "pk": 5}, {"fields": 
{"y_axis_units": "Percent probability", "name": "Probability of reporting", "x_axis_units": "Days", "notes": ""}, "model": "ScenarioCreator.relationalfunction", "pk": 6}, {"fields": 
{"y_axis_units": "Percent", "name": "High risk movement", "x_axis_units": "Days", "notes": ""}, "model": "ScenarioCreator.relationalfunction", "pk": 7}, {"fields": 
{"y_axis_units": "Percent", "name": "Moderate risk movement", "x_axis_units": "Days", "notes": ""}, "model": "ScenarioCreator.relationalfunction", "pk": 8}, {"fields": 
{"x": 0.0, "_point_order": 0, "relational_function": 3, "y": 40000.0}, "model": "ScenarioCreator.relationalpoint", "pk": 1}, {"fields": 
{"x": 7.0, "_point_order": 1, "relational_function": 3, "y": 40000.0}, "model": "ScenarioCreator.relationalpoint", "pk": 2}, {"fields": 
{"x": 0.0, "_point_order": 0, "relational_function": 4, "y": 0.0}, "model": "ScenarioCreator.relationalpoint", "pk": 3}, {"fields": 
{"x": 14.0, "_point_order": 1, "relational_function": 4, "y": 70.0}, "model": "ScenarioCreator.relationalpoint", "pk": 4}, {"fields": 
{"x": 28.0, "_point_order": 2, "relational_function": 4, "y": 100.0}, "model": "ScenarioCreator.relationalpoint", "pk": 5}, {"fields": 
{"x": 0.0, "_point_order": 0, "relational_function": 5, "y": 10.0}, "model": "ScenarioCreator.relationalpoint", "pk": 6}, {"fields": 
{"x": 10.0, "_point_order": 1, "relational_function": 5, "y": 100.0}, "model": "ScenarioCreator.relationalpoint", "pk": 7}, {"fields": 
{"x": 0.0, "_point_order": 0, "relational_function": 6, "y": 10.0}, "model": "ScenarioCreator.relationalpoint", "pk": 8}, {"fields": 
{"x": 7.0, "_point_order": 1, "relational_function": 6, "y": 85.0}, "model": "ScenarioCreator.relationalpoint", "pk": 9}, {"fields": 
{"x": 10.0, "_point_order": 2, "relational_function": 6, "y": 100.0}, "model": "ScenarioCreator.relationalpoint", "pk": 10}, {"fields": 
{"x": 0.0, "_point_order": 0, "relational_function": 7, "y": 100.0}, "model": "ScenarioCreator.relationalpoint", "pk": 11}, {"fields": 
{"x": 2.758542, "_point_order": 1, "relational_function": 7, "y": 46.491713}, "model": "ScenarioCreator.relationalpoint", "pk": 12}, {"fields": 
{"x": 7.0, "_point_order": 2, "relational_function": 7, "y": 25.0}, "model": "ScenarioCreator.relationalpoint", "pk": 13}, {"fields": 
{"x": 0.0, "_point_order": 0, "relational_function": 8, "y": 100.0}, "model": "ScenarioCreator.relationalpoint", "pk": 14}, {"fields": 
{"x": 6.821054, "_point_order": 1, "relational_function": 8, "y": 80.524862}, "model": "ScenarioCreator.relationalpoint", "pk": 15}, {"fields": 
{"_include_vaccination": false, "_include_tracing": false, "destruction_program_delay": 5, "_include_zones": false, "_include_tracing_testing": false, "name": "High vaccination capacity", "_include_detection": false, "vaccination_priority_order": "reason, production type, time waiting", "_include_tracing_unit_exam": false, "vaccination_capacity_relid": 4, "units_detected_before_triggering_vaccincation": 5, "destruction_priority_order": "reason, production type, time waiting", "destrucion_reason_order": "Basic, Trace fwd direct, Ring", "destruction_capacity_relid": 3, "_include_destruction": false}, "model": "ScenarioCreator.controlmasterplan", "pk": 1}, {"fields": 
{"examine_direct_forward_traces": true, "trace_indirect_back": true, "indirect_trace_success": 0.1, "cost_of_indemnification_per_animal": "0", "destroy_direct_back_traces": false, "cost_of_euthanasia_per_animal": "0", "use_tracing": true, "trigger_vaccination_ring": true, "vaccine_immune_period_pdf": 13, "cost_of_vaccination_baseline_per_animal": "0", "cost_of_vaccination_additional_per_animal": "0", "test_sensitivity": 0.96, "exam_direct_back_success_multiplier": 1.5, "test_indirect_forward_traces": true, "vaccinate_retrospective_days": 0, "vaccination_priority": 5, "examine_indirect_forward_traces": true, "destroy_direct_forward_traces": true, "examine_indirect_back_success_multiplier": 1.5, "examine_indirect_back_traces": true, "detection_probability_report_vs_first_detection_relid": 6, "test_specificity": 0.9, "examine_direct_back_traces": true, "destruction_is_a_ring_trigger": true, "vaccination_demand_threshold": null, "cost_of_destruction_cleaning_per_unit": "0", "destruction_ring_radius": 0.5, "destruction_priority": null, "use_vaccination": true, "direct_trace_success_rate": 0.9, "test_delay_pdf": 12, "trace_direct_back": true, "use_testing": true, "cost_of_destruction_appraisal_per_unit": "0", "cost_of_carcass_disposal_per_animal": "0", "trace_direct_forward": true, "days_to_immunity": 5, "test_direct_forward_traces": true, "use_detection": true, "vaccinate_detected_units": false, "destroy_indirect_back_traces": false, "minimum_time_between_vaccinations": 90, "exam_indirect_forward_success_multiplier": 1.5, "name": "Cattle Control", "destruction_is_a_ring_target": true, "test_direct_back_traces": true, "indirect_trace_period": 14, "trace_result_delay_pdf": 11, "use_destruction": true, "vaccination_ring_radius": 3.0, "cost_of_vaccination_setup_per_unit": "0", "exam_direct_forward_success_multiplier": 1.5, "detection_probability_for_observed_time_in_clinical_relid": 5, "trace_indirect_forward": true, "test_indirect_back_traces": true, "use_cost_accounting": false, "destroy_indirect_forward_traces": false, "direct_trace_period": 14}, "model": "ScenarioCreator.controlprotocol", "pk": 1}, {"fields":
{"disease_description": "Foot and Mouth Disease", "name": "FMD"}, "model": "ScenarioCreator.disease", "pk": 1}, {"fields": 
{"disease_immune_period_pdf": 4, "disease_subclinical_period_pdf": 2, "disease_prevalence_relid": 1, "_disease": 1, "disease_latent_period_pdf": 1, "name": "Cattle Reaction", "disease_clinical_period_pdf": 3}, "model": "ScenarioCreator.diseasereaction", "pk": 1}, {"fields": 
{"disease_immune_period_pdf": 4, "disease_subclinical_period_pdf": 6, "disease_prevalence_relid": null, "_disease": 1, "disease_latent_period_pdf": 5, "name": "Swine Reaction", "disease_clinical_period_pdf": 7}, "model": "ScenarioCreator.diseasereaction", "pk": 2}, {"fields": 
{"infection_probability": 0.1, "movement_control_relid": 2, "subclinical_animals_can_infect_others": true, "_disease": 1, "name": "Cattle > Cattle", "distance_pdf": 10, "transport_delay_pdf": 8, "contact_rate": 0.3, "_spread_method_code": "indirect", "use_fixed_contact_rate": false}, "model": "ScenarioCreator.indirectspreadmodel", "pk": 1}, {"fields": 
{"infection_probability": 0.1, "movement_control_relid": 2, "subclinical_animals_can_infect_others": true, "_disease": 1, "name": "Cattle > Swine", "distance_pdf": 10, "transport_delay_pdf": 8, "contact_rate": 0.5, "_spread_method_code": "indirect", "use_fixed_contact_rate": false}, "model": "ScenarioCreator.indirectspreadmodel", "pk": 2}, {"fields": 
{"infection_probability": 0.1, "movement_control_relid": 2, "subclinical_animals_can_infect_others": true, "_disease": 1, "name": "Swine > Cattle", "distance_pdf": 10, "transport_delay_pdf": 8, "contact_rate": 0.5, "_spread_method_code": "indirect", "use_fixed_contact_rate": false}, "model": "ScenarioCreator.indirectspreadmodel", "pk": 3}, {"fields": 
{"infection_probability": 0.1, "movement_control_relid": 2, "subclinical_animals_can_infect_others": true, "_disease": 1, "name": "Swine > Swine", "distance_pdf": 10, "transport_delay_pdf": 8, "contact_rate": 0.7, "_spread_method_code": "indirect", "use_fixed_contact_rate": false}, "model": "ScenarioCreator.indirectspreadmodel", "pk": 4}, {"fields": 
{"infection_probability": 1.0, "latent_animals_can_infect_others": true, "movement_control_relid": 2, "subclinical_animals_can_infect_others": true, "_disease": 1, "name": "Cattle > Cattle", "distance_pdf": 9, "transport_delay_pdf": 8, "contact_rate": 0.1, "_spread_method_code": "direct", "use_fixed_contact_rate": false}, "model": "ScenarioCreator.directspreadmodel", "pk": 1}, {"fields": 
{"infection_probability": 1.0, "latent_animals_can_infect_others": true, "movement_control_relid": 2, "subclinical_animals_can_infect_others": true, "_disease": 1, "name": "Swine > Swine", "distance_pdf": 9, "transport_delay_pdf": 8, "contact_rate": 0.5, "_spread_method_code": "direct", "use_fixed_contact_rate": false}, "model": "ScenarioCreator.directspreadmodel", "pk": 2}, {"fields": 
{"spread_1km_probability": 0.01, "max_distance": 3.0, "_disease": 1, "name": "Cattle source", "wind_direction_end": 360, "transport_delay_pdf": 8, "wind_direction_start": 0, "_spread_method_code": "other"}, "model": "ScenarioCreator.airbornespreadmodel", "pk": 1}, {"fields": 
{"spread_1km_probability": 0.03, "max_distance": 3.0, "_disease": 1, "name": "Swine source", "wind_direction_end": 360, "transport_delay_pdf": 8, "wind_direction_start": 0, "_spread_method_code": "other"}, "model": "ScenarioCreator.airbornespreadmodel", "pk": 2}, {"fields": 
{"include_airborne_spread": true, "use_fixed_random_seed": true, "random_seed": 12345, "cost_track_zone_surveillance": true, "use_within_unit_prevalence": false, "use_airborne_exponential_decay": false, "language": "en", "description": "Sample", "cost_track_destruction": true, "include_contact_spread": true, "cost_track_vaccination": true}, "model": "ScenarioCreator.scenario", "pk": 1}, {"fields": 
{"early_stop_criteria": "", "iterations": 5, "days": 40, "save_all_daily_outputs": true, "map_directory": "", "daily_states_filename": "daily_states.csv", "save_daily_events": false, "maximum_iterations_for_daily_output": 3, "write_map_output": false, "save_daily_exposures": false, "save_iteration_outputs_for_units": false}, "model": "ScenarioCreator.outputsettings", "pk": 1}, {"fields": 
{"name": "Cattle", "description": ""}, "model": "ScenarioCreator.productiontype", "pk": 1}, {"fields": 
{"name": "Swine", "description": ""}, "model": "ScenarioCreator.productiontype", "pk": 2}, {"fields": 
{"indirect_contact_spread_model": 1, "destination_production_type": 1, "direct_contact_spread_model": 1, "source_production_type": 1, "airborne_contact_spread_model": 1}, "model": "ScenarioCreator.productiontypepairtransmission", "pk": 1}, {"fields": 
{"indirect_contact_spread_model": 2, "destination_production_type": 2, "direct_contact_spread_model": null, "source_production_type": 1, "airborne_contact_spread_model": 1}, "model": "ScenarioCreator.productiontypepairtransmission", "pk": 2}, {"fields": 
{"indirect_contact_spread_model": 3, "destination_production_type": 1, "direct_contact_spread_model": null, "source_production_type": 2, "airborne_contact_spread_model": 2}, "model": "ScenarioCreator.productiontypepairtransmission", "pk": 3}, {"fields": 
{"indirect_contact_spread_model": 4, "destination_production_type": 2, "direct_contact_spread_model": 2, "source_production_type": 2, "airborne_contact_spread_model": 2}, "model": "ScenarioCreator.productiontypepairtransmission", "pk": 4}, {"fields": 
{"zone_description": "High risk", "zone_radius": 3.0}, "model": "ScenarioCreator.zone", "pk": 1}, {"fields": 
{"zone_description": "Medium risk", "zone_radius": 5.0}, "model": "ScenarioCreator.zone", "pk": 2}, {"fields": 
{"zone_direct_movement_relid": 7, "zone_indirect_movement_relid": 7, "zone_detection_multiplier": 2.0, "cost_of_surveillance_per_animal_day": "0", "zone": 1, "production_type": 1}, "model": "ScenarioCreator.zoneeffectonproductiontype", "pk": 1}, {"fields": 
{"zone_direct_movement_relid": 8, "zone_indirect_movement_relid": 8, "zone_detection_multiplier": 1.5, "cost_of_surveillance_per_animal_day": "0", "zone": 2, "production_type": 1}, "model": "ScenarioCreator.zoneeffectonproductiontype", "pk": 2}, {"fields": 
{"zone_direct_movement_relid": 7, "zone_indirect_movement_relid": 7, "zone_detection_multiplier": 3.0, "cost_of_surveillance_per_animal_day": "0", "zone": 1, "production_type": 2}, "model": "ScenarioCreator.zoneeffectonproductiontype", "pk": 3}, {"fields": 
{"zone_direct_movement_relid": 8, "zone_indirect_movement_relid": 8, "zone_detection_multiplier": 1.5, "cost_of_surveillance_per_animal_day": "0", "zone": 2, "production_type": 2}, "model": "ScenarioCreator.zoneeffectonproductiontype", "pk": 4}]
