[
{"model": "ScenarioCreator.population", "fields": {"source_file": "SampleScenario.sqlite3"}, "pk": 1}, 
{"model": "ScenarioCreator.unit", "fields": {"production_type": 1, "days_left_in_initial_state": null, "_population": 1, "initial_state": "L", "days_in_initial_state": null, "initial_size": 5000, "latitude": 23.1, "user_defined_2": "", "_cum_infected": null, "_cum_detected": null, "longitude": 42.0, "user_defined_1": "", "_cum_vaccinated": null, "user_defined_3": "", "user_defined_4": "", "_final_state_code": "", "_cum_destroyed": null, "_final_control_state_code": "", "_final_detection_state_code": ""}, "pk": 1}, 
{"model": "ScenarioCreator.unit", "fields": {"production_type": 1, "days_left_in_initial_state": null, "_population": 1, "initial_state": "S", "days_in_initial_state": null, "initial_size": 5000, "latitude": 23.15, "user_defined_2": "", "_cum_infected": null, "_cum_detected": null, "longitude": 42.0, "user_defined_1": "", "_cum_vaccinated": null, "user_defined_3": "", "user_defined_4": "", "_final_state_code": "", "_cum_destroyed": null, "_final_control_state_code": "", "_final_detection_state_code": ""}, "pk": 2}, 
{"model": "ScenarioCreator.unit", "fields": {"production_type": 2, "days_left_in_initial_state": null, "_population": 1, "initial_state": "S", "days_in_initial_state": null, "initial_size": 1000, "latitude": 23.15, "user_defined_2": "", "_cum_infected": null, "_cum_detected": null, "longitude": 42.01, "user_defined_1": "", "_cum_vaccinated": null, "user_defined_3": "", "user_defined_4": "", "_final_state_code": "", "_cum_destroyed": null, "_final_control_state_code": "", "_final_detection_state_code": ""}, "pk": 3}, 
{"model": "ScenarioCreator.probabilityfunction", "fields": {"x_axis_units": "Days", "notes": "", "mean": null, "std_dev": null, "n": null, "location": null, "alpha": null, "shape": null, "scale": null, "equation_type": "Triangular", "name": "Latent period - cattle", "theta": null, "max": 9.0, "alpha2": null, "mode": 3.0, "m": null, "min": 0.0, "d": null, "a": null, "beta": null, "s": null, "p": null}, "pk": 1}, 
{"model": "ScenarioCreator.probabilityfunction", "fields": {"x_axis_units": "Days", "notes": "", "mean": null, "std_dev": null, "n": null, "location": null, "alpha": null, "shape": null, "scale": null, "equation_type": "Triangular", "name": "Subclinical period - Cattle", "theta": null, "max": 5.0, "alpha2": null, "mode": 3.0, "m": null, "min": 1.0, "d": null, "a": null, "beta": null, "s": null, "p": null}, "pk": 2}, 
{"model": "ScenarioCreator.probabilityfunction", "fields": {"x_axis_units": "Days", "notes": "", "mean": null, "std_dev": null, "n": null, "location": null, "alpha": null, "shape": null, "scale": null, "equation_type": "Triangular", "name": "Clinical period - cattle", "theta": null, "max": 80.0, "alpha2": null, "mode": 21.0, "m": null, "min": 0.0, "d": null, "a": null, "beta": null, "s": null, "p": null}, "pk": 3}, 
{"model": "ScenarioCreator.probabilityfunction", "fields": {"x_axis_units": "Days", "notes": "", "mean": null, "std_dev": null, "n": null, "location": null, "alpha": null, "shape": null, "scale": null, "equation_type": "Triangular", "name": "Immune Period", "theta": null, "max": 360.0, "alpha2": null, "mode": 270.0, "m": null, "min": 180.0, "d": null, "a": null, "beta": null, "s": null, "p": null}, "pk": 4}, 
{"model": "ScenarioCreator.probabilityfunction", "fields": {"x_axis_units": "Days", "notes": "", "mean": null, "std_dev": null, "n": null, "location": null, "alpha": null, "shape": null, "scale": null, "equation_type": "Triangular", "name": "Latent period - swine", "theta": null, "max": 3.0, "alpha2": null, "mode": 1.5, "m": null, "min": 1.0, "d": null, "a": null, "beta": null, "s": null, "p": null}, "pk": 5}, 
{"model": "ScenarioCreator.probabilityfunction", "fields": {"x_axis_units": "Days", "notes": "", "mean": null, "std_dev": null, "n": null, "location": null, "alpha": null, "shape": null, "scale": null, "equation_type": "Triangular", "name": "Subclinical period - swine", "theta": null, "max": 2.0, "alpha2": null, "mode": 1.0, "m": null, "min": 0.0, "d": null, "a": null, "beta": null, "s": null, "p": null}, "pk": 6}, 
{"model": "ScenarioCreator.probabilityfunction", "fields": {"x_axis_units": "Days", "notes": "", "mean": null, "std_dev": null, "n": null, "location": null, "alpha": null, "shape": null, "scale": null, "equation_type": "Triangular", "name": "Infectious period - swine", "theta": null, "max": 81.0, "alpha2": null, "mode": 20.0, "m": null, "min": 0.0, "d": null, "a": null, "beta": null, "s": null, "p": null}, "pk": 7}, 
{"model": "ScenarioCreator.probabilityfunction", "fields": {"x_axis_units": "Days", "notes": "", "mean": 0.0, "std_dev": null, "n": null, "location": null, "alpha": null, "shape": null, "scale": null, "equation_type": "Point", "name": "0 day delay", "theta": null, "max": null, "alpha2": null, "mode": null, "m": null, "min": null, "d": null, "a": null, "beta": null, "s": null, "p": null}, "pk": 8}, 
{"model": "ScenarioCreator.probabilityfunction", "fields": {"x_axis_units": "Days", "notes": "", "mean": null, "std_dev": null, "n": null, "location": null, "alpha": null, "shape": null, "scale": null, "equation_type": "Triangular", "name": "Direct contact distance", "theta": null, "max": 30.0, "alpha2": null, "mode": 20.0, "m": null, "min": 10.0, "d": null, "a": null, "beta": null, "s": null, "p": null}, "pk": 9}, 
{"model": "ScenarioCreator.probabilityfunction", "fields": {"x_axis_units": "Days", "notes": "", "mean": null, "std_dev": null, "n": null, "location": null, "alpha": null, "shape": null, "scale": null, "equation_type": "Triangular", "name": "Indirect contact distance", "theta": null, "max": 20.0, "alpha2": null, "mode": 11.0, "m": null, "min": 10.0, "d": null, "a": null, "beta": null, "s": null, "p": null}, "pk": 10}, 
{"model": "ScenarioCreator.probabilityfunction", "fields": {"x_axis_units": "Days", "notes": "", "mean": null, "std_dev": null, "n": null, "location": null, "alpha": null, "shape": null, "scale": null, "equation_type": "Point", "name": "No tracing delay [NAADSM update default]", "theta": null, "max": null, "alpha2": null, "mode": 0.0, "m": null, "min": null, "d": null, "a": null, "beta": null, "s": null, "p": null}, "pk": 11}, 
{"model": "ScenarioCreator.probabilityfunction", "fields": {"x_axis_units": "Days", "notes": "", "mean": null, "std_dev": null, "n": null, "location": null, "alpha": null, "shape": null, "scale": null, "equation_type": "Triangular", "name": "Tracing delay", "theta": null, "max": 7.0, "alpha2": null, "mode": 3.0, "m": null, "min": 1.0, "d": null, "a": null, "beta": null, "s": null, "p": null}, "pk": 12}, 
{"model": "ScenarioCreator.probabilityfunction", "fields": {"x_axis_units": "Days", "notes": "", "mean": null, "std_dev": null, "n": null, "location": null, "alpha": null, "shape": null, "scale": null, "equation_type": "Triangular", "name": "Immune period vaccination", "theta": null, "max": 360.0, "alpha2": null, "mode": 180.0, "m": null, "min": 45.0, "d": null, "a": null, "beta": null, "s": null, "p": null}, "pk": 13}, 
{"model": "ScenarioCreator.relationalfunction", "fields": {"x_axis_units": "Days", "notes": "", "y_axis_units": "Percent", "name": "Prevalence"}, "pk": 1}, 
{"model": "ScenarioCreator.relationalfunction", "fields": {"x_axis_units": "Days", "notes": "", "y_axis_units": "", "name": "Unrestricted movement"}, "pk": 2}, 
{"model": "ScenarioCreator.relationalfunction", "fields": {"x_axis_units": "Days", "notes": "", "y_axis_units": "Units per day", "name": "Virtually unlimited capacity"}, "pk": 3}, 
{"model": "ScenarioCreator.relationalfunction", "fields": {"x_axis_units": "Days", "notes": "", "y_axis_units": "Units per day", "name": "High vaccination capacity"}, "pk": 4}, 
{"model": "ScenarioCreator.relationalfunction", "fields": {"x_axis_units": "Days", "notes": "", "y_axis_units": "Percent probability", "name": "Probability of observing clinical signs"}, "pk": 5}, 
{"model": "ScenarioCreator.relationalfunction", "fields": {"x_axis_units": "Days", "notes": "", "y_axis_units": "Percent probability", "name": "Probability of reporting"}, "pk": 6}, 
{"model": "ScenarioCreator.relationalfunction", "fields": {"x_axis_units": "Days", "notes": "", "y_axis_units": "Percent", "name": "High risk movement"}, "pk": 7}, 
{"model": "ScenarioCreator.relationalfunction", "fields": {"x_axis_units": "Days", "notes": "", "y_axis_units": "Percent", "name": "Moderate risk movement"}, "pk": 8}, 
{"model": "ScenarioCreator.relationalpoint", "fields": {"_point_order": 0, "x": 0.0, "y": 40000.0, "relational_function": 3}, "pk": 1}, 
{"model": "ScenarioCreator.relationalpoint", "fields": {"_point_order": 1, "x": 7.0, "y": 40000.0, "relational_function": 3}, "pk": 2}, 
{"model": "ScenarioCreator.relationalpoint", "fields": {"_point_order": 0, "x": 0.0, "y": 0.0, "relational_function": 4}, "pk": 3}, 
{"model": "ScenarioCreator.relationalpoint", "fields": {"_point_order": 1, "x": 14.0, "y": 70.0, "relational_function": 4}, "pk": 4}, 
{"model": "ScenarioCreator.relationalpoint", "fields": {"_point_order": 2, "x": 28.0, "y": 100.0, "relational_function": 4}, "pk": 5}, 
{"model": "ScenarioCreator.relationalpoint", "fields": {"_point_order": 0, "x": 0.0, "y": 10.0, "relational_function": 5}, "pk": 6}, 
{"model": "ScenarioCreator.relationalpoint", "fields": {"_point_order": 1, "x": 10.0, "y": 100.0, "relational_function": 5}, "pk": 7}, 
{"model": "ScenarioCreator.relationalpoint", "fields": {"_point_order": 0, "x": 0.0, "y": 10.0, "relational_function": 6}, "pk": 8}, 
{"model": "ScenarioCreator.relationalpoint", "fields": {"_point_order": 1, "x": 7.0, "y": 85.0, "relational_function": 6}, "pk": 9}, 
{"model": "ScenarioCreator.relationalpoint", "fields": {"_point_order": 2, "x": 10.0, "y": 100.0, "relational_function": 6}, "pk": 10}, 
{"model": "ScenarioCreator.relationalpoint", "fields": {"_point_order": 0, "x": 0.0, "y": 100.0, "relational_function": 7}, "pk": 11}, 
{"model": "ScenarioCreator.relationalpoint", "fields": {"_point_order": 1, "x": 2.758542, "y": 46.491713, "relational_function": 7}, "pk": 12}, 
{"model": "ScenarioCreator.relationalpoint", "fields": {"_point_order": 2, "x": 7.0, "y": 25.0, "relational_function": 7}, "pk": 13}, 
{"model": "ScenarioCreator.relationalpoint", "fields": {"_point_order": 0, "x": 0.0, "y": 100.0, "relational_function": 8}, "pk": 14}, 
{"model": "ScenarioCreator.relationalpoint", "fields": {"_point_order": 1, "x": 6.821054, "y": 80.524862, "relational_function": 8}, "pk": 15}, 
{"model": "ScenarioCreator.controlmasterplan", "fields": {"destruction_program_delay": 5, "destrucion_reason_order": "Basic, Trace fwd direct, Ring", "destruction_capacity": 3, "_include_tracing": false, "units_detected_before_triggering_vaccincation": 5, "_include_zones": false, "_include_vaccination": false, "_include_tracing_unit_exam": false, "vaccination_capacity": 4, "_include_detection": false, "destruction_priority_order": "reason, production type, time waiting", "vaccination_priority_order": "reason, production type, time waiting", "_include_tracing_testing": false, "_include_destruction": false, "name": "High vaccination capacity"}, "pk": 1}, 
{"model": "ScenarioCreator.controlprotocol", "fields": {"vaccinate_retrospective_days": 0, "examine_indirect_back_traces": true, "vaccination_priority": 5, "trace_direct_forward": true, "trigger_vaccination_ring": true, "test_indirect_forward_traces": true, "exam_direct_back_success_multiplier": 1.5, "use_cost_accounting": false, "name": "Cattle Control", "destruction_is_a_ring_trigger": true, "destruction_ring_radius": 0.5, "trace_indirect_forward": true, "trace_direct_back": true, "cost_of_vaccination_baseline_per_animal": "0", "vaccination_ring_radius": 3.0, "examine_direct_forward_traces": true, "exam_direct_forward_success_multiplier": 1.5, "cost_of_vaccination_additional_per_animal": "0", "examine_indirect_forward_traces": true, "vaccinate_detected_units": false, "use_vaccination": true, "detection_probability_for_observed_time_in_clinical": 5, "cost_of_carcass_disposal_per_animal": "0", "test_sensitivity": 0.96, "examine_direct_back_traces": true, "destroy_direct_forward_traces": true, "cost_of_euthanasia_per_animal": "0", "cost_of_destruction_cleaning_per_unit": "0", "detection_probability_report_vs_first_detection": 6, "destruction_priority": null, "exam_indirect_forward_success_multiplier": 1.5, "test_direct_forward_traces": true, "destroy_indirect_forward_traces": false, "destruction_is_a_ring_target": true, "test_direct_back_traces": true, "use_detection": true, "trace_result_delay": 11, "cost_of_indemnification_per_animal": "0", "test_delay": 12, "use_destruction": true, "vaccine_immune_period": 13, "trace_indirect_back": true, "examine_indirect_back_success_multiplier": 1.5, "indirect_trace_period": 14, "destroy_indirect_back_traces": false, "use_testing": true, "test_specificity": 0.9, "cost_of_destruction_appraisal_per_unit": "0", "days_to_immunity": 5, "detection_is_a_zone_trigger": false, "use_tracing": true, "test_indirect_back_traces": true, "direct_trace_success_rate": 0.9, "minimum_time_between_vaccinations": 90, "direct_trace_is_a_zone_trigger": false, "vaccination_demand_threshold": null, "cost_of_vaccination_setup_per_unit": "0", "indirect_trace_success": 0.1, "direct_trace_period": 14, "indirect_trace_is_a_zone_trigger": false, "destroy_direct_back_traces": false}, "pk": 1}, 
{"model": "ScenarioCreator.disease", "fields": {"disease_description": "Foot and Mouth Disease", "name": "FMD"}, "pk": 1}, 
{"model": "ScenarioCreator.diseasereaction", "fields": {"disease_latent_period": 1, "disease_clinical_period": 3, "disease_subclinical_period": 2, "name": "Cattle Reaction", "_disease": 1, "disease_prevalence": 1, "disease_immune_period": 4}, "pk": 1}, 
{"model": "ScenarioCreator.diseasereaction", "fields": {"disease_latent_period": 5, "disease_clinical_period": 7, "disease_subclinical_period": 6, "name": "Swine Reaction", "_disease": 1, "disease_prevalence": null, "disease_immune_period": 4}, "pk": 2}, 
{"model": "ScenarioCreator.indirectspreadmodel", "fields": {"movement_control": 2, "_spread_method_code": "indirect", "name": "Cattle > Cattle", "use_fixed_contact_rate": false, "distance": 10, "_disease": 1, "infection_probability": 0.1, "subclinical_animals_can_infect_others": true, "transport_delay": 8, "contact_rate": 0.3}, "pk": 1}, 
{"model": "ScenarioCreator.indirectspreadmodel", "fields": {"movement_control": 2, "_spread_method_code": "indirect", "name": "Cattle > Swine", "use_fixed_contact_rate": false, "distance": 10, "_disease": 1, "infection_probability": 0.1, "subclinical_animals_can_infect_others": true, "transport_delay": 8, "contact_rate": 0.5}, "pk": 2}, 
{"model": "ScenarioCreator.indirectspreadmodel", "fields": {"movement_control": 2, "_spread_method_code": "indirect", "name": "Swine > Cattle", "use_fixed_contact_rate": false, "distance": 10, "_disease": 1, "infection_probability": 0.1, "subclinical_animals_can_infect_others": true, "transport_delay": 8, "contact_rate": 0.5}, "pk": 3}, 
{"model": "ScenarioCreator.indirectspreadmodel", "fields": {"movement_control": 2, "_spread_method_code": "indirect", "name": "Swine > Swine", "use_fixed_contact_rate": false, "distance": 10, "_disease": 1, "infection_probability": 0.1, "subclinical_animals_can_infect_others": true, "transport_delay": 8, "contact_rate": 0.7}, "pk": 4}, 
{"model": "ScenarioCreator.directspreadmodel", "fields": {"movement_control": 2, "_spread_method_code": "direct", "name": "Cattle > Cattle", "latent_animals_can_infect_others": true, "use_fixed_contact_rate": false, "distance": 9, "_disease": 1, "infection_probability": 1.0, "subclinical_animals_can_infect_others": true, "transport_delay": 8, "contact_rate": 0.1}, "pk": 1}, 
{"model": "ScenarioCreator.directspreadmodel", "fields": {"movement_control": 2, "_spread_method_code": "direct", "name": "Swine > Swine", "latent_animals_can_infect_others": true, "use_fixed_contact_rate": false, "distance": 9, "_disease": 1, "infection_probability": 1.0, "subclinical_animals_can_infect_others": true, "transport_delay": 8, "contact_rate": 0.5}, "pk": 2}, 
{"model": "ScenarioCreator.airbornespreadmodel", "fields": {"_spread_method_code": "other", "max_distance": 3.0, "name": "Cattle source", "spread_1km_probability": 0.01, "wind_direction_start": 0, "_disease": 1, "wind_direction_end": 360, "transport_delay": 8}, "pk": 1}, 
{"model": "ScenarioCreator.airbornespreadmodel", "fields": {"_spread_method_code": "other", "max_distance": 3.0, "name": "Swine source", "spread_1km_probability": 0.03, "wind_direction_start": 0, "_disease": 1, "wind_direction_end": 360, "transport_delay": 8}, "pk": 2}, 
{"model": "ScenarioCreator.scenario", "fields": {"cost_track_zone_surveillance": true, "use_within_unit_prevalence": false, "include_contact_spread": true, "include_airborne_spread": true, "random_seed": 12345, "use_airborne_exponential_decay": false, "cost_track_destruction": true, "language": "en", "cost_track_vaccination": true, "description": "Sample", "use_fixed_random_seed": true}, "pk": 1}, 
{"model": "ScenarioCreator.outputsettings", "fields": {"days": 40, "save_all_daily_outputs": true, "write_map_output": false, "daily_states_filename": "daily_states.csv", "save_daily_events": false, "iterations": 5, "early_stop_criteria": "", "_scenario": 1, "save_iteration_outputs_for_units": false, "maximum_iterations_for_daily_output": 3, "map_directory": "", "save_daily_exposures": false}, "pk": 1}, 
{"model": "ScenarioCreator.productiontype", "fields": {"description": "", "name": "Cattle"}, "pk": 1}, 
{"model": "ScenarioCreator.productiontype", "fields": {"description": "", "name": "Swine"}, "pk": 2}, 
{"model": "ScenarioCreator.productiontypepairtransmission", "fields": {"source_production_type": 1, "indirect_contact_spread_model": 1, "destination_production_type": 1, "airborne_contact_spread_model": 1, "direct_contact_spread_model": 1}, "pk": 1}, 
{"model": "ScenarioCreator.productiontypepairtransmission", "fields": {"source_production_type": 1, "indirect_contact_spread_model": 2, "destination_production_type": 2, "airborne_contact_spread_model": 1, "direct_contact_spread_model": null}, "pk": 2}, 
{"model": "ScenarioCreator.productiontypepairtransmission", "fields": {"source_production_type": 2, "indirect_contact_spread_model": 3, "destination_production_type": 1, "airborne_contact_spread_model": 2, "direct_contact_spread_model": null}, "pk": 3}, 
{"model": "ScenarioCreator.productiontypepairtransmission", "fields": {"source_production_type": 2, "indirect_contact_spread_model": 4, "destination_production_type": 2, "airborne_contact_spread_model": 2, "direct_contact_spread_model": 2}, "pk": 4}, 
{"model": "ScenarioCreator.zone", "fields": {"zone_radius": 3.0, "zone_description": "High risk"}, "pk": 1}, 
{"model": "ScenarioCreator.zone", "fields": {"zone_radius": 5.0, "zone_description": "Medium risk"}, "pk": 2}]
